{
   "results": [
      {
         "name": "CanaryIncCase",
         "results": {
            "1": {
               "ops_per_second": 57273768.613974795,
               "ops_per_second_values": [
                  79554494.82895784,
                  79675.68807924226
               ],
               "ops_per_trial": 100,
               "seconds": 20,
               "trials": 3663958
            }
         }
      },
      {
         "name": "GlobalCanaryIncCase",
         "results": {
            "1": {
               "ops_per_second": 53022269.353128314,
               "ops_per_second_values": [
                  79554494.82895784,
                  889355.3063384353
               ],
               "ops_per_trial": 100,
               "seconds": 20,
               "trials": 3622702
            }
         }
      }
   ]
}
